supplier_id,env_score,social_score,governance_score,last_update,data_source
S0001,75.75,68.01,68.71,2025-01-12,Third-party Rating
S0002,73.01,37.28,,2024-11-13,Supplier Questionnaire
S0003,74.11,81.48,68.76,2025-03-19,Supplier Questionnaire
S0004,81.53,,90.75,2025-05-27,Supplier Questionnaire
S0005,76.75,52.78,74.79,2024-12-21,Supplier Questionnaire
S0006,52.57,64.09,55.29,2025-03-14,Internal Assessment
S0007,66.44,82.34,63.4,2024-07-04,Supplier Questionnaire
S0008,67.95,56.72,49.13,2024-02-03,Third-party Rating
S0009,67.71,59.69,62.34,2025-03-21,Supplier Questionnaire
S0010,,48.27,57.98,2025-01-12,Internal Assessment
S0011,59.91,49.97,66.87,2025-01-09,Third-party Rating
S0012,76.4,63.53,,2024-10-16,Supplier Questionnaire
S0013,71.13,,69.13,2025-01-05,Internal Assessment
S0014,64.04,67.78,84.69,2025-05-27,Third-party Rating
S0015,52.92,33.84,36.77,2025-10-24,Supplier Questionnaire
S0016,51.16,74.26,77.78,2024-08-13,Third-party Rating
S0017,68.17,72.76,80.51,2024-03-24,Supplier Questionnaire
S0018,77.97,55.01,50.12,2024-09-26,Supplier Questionnaire
S0019,64.89,53.15,62.82,2024-02-28,Third-party Rating
S0020,75.77,73.14,66.49,2025-05-03,Supplier Questionnaire
S0021,64.1,87.93,,2025-04-09,Internal Assessment
S0022,70.19,68.48,77.83,2025-09-29,Supplier Questionnaire
S0023,65.88,72.34,62.71,2024-01-09,Third-party Rating
S0024,74.09,50.63,64.19,2024-12-20,Supplier Questionnaire
S0025,60.51,,70.44,2024-09-07,Third-party Rating
S0026,46.72,63.27,71.59,2025-09-09,Supplier Questionnaire
S0027,65.54,89.3,62.26,2024-08-11,Internal Assessment
S0028,79.19,62.81,83.9,2025-08-05,Supplier Questionnaire
S0029,77.89,70.12,66.79,2024-08-20,Internal Assessment
S0030,84.11,49.97,87.54,2025-03-14,Third-party Rating
S0031,82.33,81.52,,2024-11-10,Supplier Questionnaire
S0032,61.89,50.43,63.13,2024-01-19,Internal Assessment
S0033,79.1,78.75,,2024-10-26,Third-party Rating
S0034,58.91,72.32,43.35,2025-03-18,Supplier Questionnaire
S0035,54.66,57.89,59.76,2025-05-17,Supplier Questionnaire
S0036,77.8,,59.68,2024-01-21,Supplier Questionnaire
S0037,77.46,68.08,,2024-01-23,Internal Assessment
S0038,73.9,57.82,74.74,2024-01-18,Third-party Rating
S0039,64.41,84.18,69.05,2024-03-25,Third-party Rating
S0040,66.05,63.88,72.06,2025-10-10,Internal Assessment
S0041,81.73,72.44,66.03,2024-10-08,Internal Assessment
S0042,73.48,71.35,51.65,2024-04-22,Third-party Rating
S0043,,88.78,72.74,2024-11-17,Supplier Questionnaire
S0044,74.01,52.24,64.14,2024-05-22,Supplier Questionnaire
S0045,65.32,57.33,50.19,2025-02-27,Supplier Questionnaire
S0046,77.48,63.94,59.03,2025-04-02,Third-party Rating
S0047,38.7,54.57,62.91,2025-03-29,Internal Assessment
S0048,95.58,66.63,65.52,2024-01-29,Supplier Questionnaire
S0049,90.44,41.96,69.28,2025-01-24,Supplier Questionnaire
S0050,,54.66,,2025-08-02,Supplier Questionnaire
S0051,78.22,63.56,78.39,2024-12-18,Supplier Questionnaire
S0052,66.71,68.06,73.41,2024-09-30,Third-party Rating
S0053,,63.15,70.64,2025-01-08,Supplier Questionnaire
S0054,88.74,94.0,65.57,2025-09-23,Supplier Questionnaire
S0055,74.45,74.43,80.69,2025-02-22,Third-party Rating
S0056,82.45,85.99,77.16,2025-10-13,Supplier Questionnaire
S0057,68.94,23.72,69.9,2024-01-14,Internal Assessment
S0058,70.95,,63.83,2025-06-11,Supplier Questionnaire
S0059,58.27,66.88,,2025-08-10,Supplier Questionnaire
S0060,61.2,60.27,71.84,2025-11-29,Supplier Questionnaire
S0061,82.53,77.16,76.53,2025-06-24,Third-party Rating
S0062,77.16,,65.66,2025-07-15,Internal Assessment
S0063,80.89,73.5,73.16,2024-03-05,Internal Assessment
S0064,74.7,52.16,56.78,2024-10-24,Supplier Questionnaire
S0065,59.25,60.27,61.87,2025-08-13,Internal Assessment
S0066,63.92,65.36,69.48,2024-08-06,Third-party Rating
S0067,64.01,50.19,70.93,2024-02-06,Third-party Rating
S0068,84.38,69.06,69.61,2024-08-03,Third-party Rating
S0069,,59.72,,2024-08-22,Internal Assessment
S0070,67.06,46.51,64.81,2025-04-12,Internal Assessment
S0071,72.6,71.33,85.25,2024-03-30,Supplier Questionnaire
S0072,52.91,62.1,76.03,2024-11-24,Supplier Questionnaire
S0073,93.01,,73.89,2024-06-25,Supplier Questionnaire
S0074,64.08,75.12,75.04,2025-08-09,Third-party Rating
S0075,80.6,98.0,74.53,2024-07-17,Internal Assessment
S0076,70.91,50.0,76.75,2024-04-07,Supplier Questionnaire
S0077,66.76,69.83,67.6,2024-01-01,Supplier Questionnaire
S0078,77.21,54.49,69.14,2024-07-20,Third-party Rating
S0079,66.72,69.86,74.43,2024-08-18,Supplier Questionnaire
S0080,60.33,61.72,65.0,2024-07-16,Supplier Questionnaire
S0081,70.24,77.49,72.36,2024-11-12,Internal Assessment
S0082,68.94,62.28,70.8,2025-12-04,Supplier Questionnaire
S0083,74.65,61.01,53.05,2025-04-06,Supplier Questionnaire
S0084,68.66,72.27,63.65,2025-05-01,Third-party Rating
S0085,69.89,63.37,58.44,2025-07-24,Third-party Rating
S0086,62.84,,66.26,2024-09-19,Supplier Questionnaire
S0087,70.01,73.21,58.01,2024-06-01,Third-party Rating
S0088,52.04,54.15,63.25,2024-02-08,Internal Assessment
S0089,71.47,,81.94,2024-06-03,Third-party Rating
S0090,58.0,48.55,70.93,2025-10-04,Third-party Rating
S0091,78.7,55.14,55.02,2024-04-09,Internal Assessment
S0092,,86.3,77.29,2024-08-18,Third-party Rating
S0093,56.11,85.71,56.89,2025-10-11,Third-party Rating
S0094,73.38,54.46,51.29,2024-02-12,Third-party Rating
S0095,69.41,52.97,76.67,2024-01-11,Supplier Questionnaire
S0096,,46.7,61.8,2024-01-15,Supplier Questionnaire
S0097,60.71,47.07,,2025-01-22,Third-party Rating
S0098,67.09,64.07,72.14,2024-12-04,Third-party Rating
S0099,,77.57,61.37,2025-07-19,Internal Assessment
S0100,,62.45,71.93,2025-12-13,Third-party Rating
S0101,69.73,66.1,60.81,2024-01-13,Internal Assessment
S0102,56.26,71.77,52.32,2025-01-13,Third-party Rating
S0103,56.61,47.39,71.48,2025-09-10,Third-party Rating
S0104,75.51,79.04,82.09,2024-11-30,Third-party Rating
S0105,59.99,62.06,76.07,2025-06-29,Supplier Questionnaire
S0106,49.57,53.66,64.63,2025-11-30,Supplier Questionnaire
S0107,72.21,70.77,63.66,2024-05-22,Supplier Questionnaire
S0108,65.84,72.07,66.05,2025-07-24,Third-party Rating
S0109,57.89,67.96,74.48,2024-10-10,Internal Assessment
S0110,81.4,51.96,80.64,2024-09-08,Internal Assessment
S0111,60.66,64.6,72.89,2025-05-31,Supplier Questionnaire
S0112,72.24,57.93,68.6,2025-11-30,Internal Assessment
S0113,58.92,73.22,94.21,2024-02-25,Supplier Questionnaire
S0114,75.07,,60.44,2024-12-01,Supplier Questionnaire
S0115,40.88,77.4,51.18,2024-02-06,Supplier Questionnaire
S0116,66.33,70.37,73.34,2024-06-25,Third-party Rating
S0117,49.02,68.55,80.22,2024-02-23,Internal Assessment
S0118,58.37,69.95,,2024-05-18,Internal Assessment
S0119,68.26,62.23,55.23,2024-12-14,Third-party Rating
S0120,77.88,57.46,83.48,2025-04-12,Internal Assessment
S0121,53.44,,77.36,2024-12-30,Supplier Questionnaire
S0122,,71.42,53.13,2024-06-15,Supplier Questionnaire
S0123,56.5,72.25,,2025-06-16,Supplier Questionnaire
S0124,62.48,63.15,56.14,2024-01-22,Internal Assessment
S0125,96.0,68.04,,2024-10-17,Internal Assessment
S0126,54.52,42.87,43.57,2025-07-04,Supplier Questionnaire
S0127,48.33,75.09,61.84,2025-02-15,Internal Assessment
S0128,83.91,88.54,65.8,2024-06-24,Third-party Rating
S0129,,,61.34,2025-11-24,Internal Assessment
S0130,75.86,46.52,87.85,2025-02-27,Third-party Rating
S0131,88.17,69.25,64.91,2025-10-14,Third-party Rating
S0132,58.7,84.93,69.35,2024-12-13,Supplier Questionnaire
S0133,48.49,58.85,52.73,2024-08-30,Supplier Questionnaire
S0134,78.64,66.61,79.99,2024-02-21,Third-party Rating
S0135,33.96,54.39,56.93,2024-08-30,Third-party Rating
S0136,79.04,83.44,84.67,2025-04-22,Supplier Questionnaire
S0137,51.21,68.84,65.46,2024-04-03,Supplier Questionnaire
S0138,69.18,76.28,43.97,2024-02-09,Supplier Questionnaire
S0139,58.13,,76.11,2025-06-25,Third-party Rating
S0140,46.51,52.98,65.2,2024-08-09,Supplier Questionnaire
S0141,72.94,47.23,53.82,2024-09-27,Third-party Rating
S0142,73.62,82.52,56.52,2025-04-27,Third-party Rating
S0143,75.85,,68.53,2025-07-23,Third-party Rating
S0144,74.23,71.82,,2024-01-31,Supplier Questionnaire
S0145,75.5,46.96,79.47,2025-07-08,Internal Assessment
S0146,65.02,71.4,69.39,2025-01-06,Internal Assessment
S0147,81.07,68.8,80.81,2025-06-05,Third-party Rating
S0148,77.88,74.79,71.33,2025-05-22,Third-party Rating
S0149,69.66,60.06,65.55,2024-05-22,Supplier Questionnaire
S0150,68.83,55.41,65.0,2025-12-15,Supplier Questionnaire
S0151,64.4,65.35,65.12,2025-11-22,Supplier Questionnaire
S0152,91.74,42.3,75.33,2024-04-29,Internal Assessment
S0153,75.96,75.19,,2025-09-04,Supplier Questionnaire
S0154,68.28,64.28,76.09,2024-06-20,Supplier Questionnaire
S0155,83.9,,76.51,2024-02-07,Supplier Questionnaire
S0156,75.5,92.83,78.36,2025-09-21,Supplier Questionnaire
S0157,67.92,52.69,40.62,2024-04-06,Supplier Questionnaire
S0158,85.97,57.59,66.89,2025-09-28,Third-party Rating
S0159,79.6,,78.15,2025-02-21,Internal Assessment
S0160,,61.84,58.24,2024-07-28,Supplier Questionnaire
S0161,53.71,41.77,39.3,2025-06-18,Internal Assessment
S0162,83.13,59.78,,2025-07-26,Supplier Questionnaire
S0163,63.64,44.51,59.95,2024-02-11,Internal Assessment
S0164,85.36,77.49,68.62,2025-04-13,Supplier Questionnaire
S0165,78.17,80.38,64.76,2025-07-02,Internal Assessment
S0166,61.74,67.47,71.25,2024-07-20,Internal Assessment
S0167,61.44,55.42,55.3,2024-05-10,Supplier Questionnaire
S0168,,89.16,70.48,2025-05-29,Internal Assessment
S0169,53.54,56.85,61.53,2024-05-29,Internal Assessment
S0170,57.5,41.03,59.85,2024-07-28,Supplier Questionnaire
S0171,,71.83,69.5,2024-02-25,Supplier Questionnaire
S0172,70.77,64.0,71.67,2024-03-08,Supplier Questionnaire
S0173,83.73,79.09,56.3,2024-01-12,Internal Assessment
S0174,78.3,82.28,,2025-03-21,Third-party Rating
S0175,63.77,59.99,87.16,2025-11-22,Supplier Questionnaire
S0176,77.71,68.42,78.49,2025-03-04,Internal Assessment
S0177,79.47,79.04,67.94,2025-03-01,Third-party Rating
S0178,,67.07,61.39,2025-11-30,Supplier Questionnaire
S0179,86.24,66.99,83.08,2025-12-14,Supplier Questionnaire
S0180,,51.63,67.73,2025-06-30,Internal Assessment
S0181,58.69,61.91,49.07,2025-06-12,Supplier Questionnaire
S0182,49.93,62.19,66.22,2025-03-23,Third-party Rating
S0183,53.08,70.28,64.47,2024-05-25,Internal Assessment
S0184,71.63,69.31,75.11,2024-01-11,Supplier Questionnaire
S0185,59.16,,55.75,2024-02-15,Supplier Questionnaire
S0186,51.68,76.46,60.29,2025-03-18,Supplier Questionnaire
S0187,69.2,73.87,,2025-11-11,Supplier Questionnaire
S0188,80.72,55.19,78.86,2025-03-26,Supplier Questionnaire
S0189,77.69,75.65,65.13,2024-09-27,Third-party Rating
S0190,72.38,69.85,79.9,2025-01-27,Supplier Questionnaire
S0191,53.14,42.43,60.73,2025-07-28,Internal Assessment
S0192,79.22,93.7,66.24,2024-06-30,Supplier Questionnaire
S0193,62.94,85.63,87.93,2025-11-14,Supplier Questionnaire
S0194,67.33,65.25,60.04,2024-01-16,Third-party Rating
S0195,69.25,41.96,69.88,2025-11-07,Supplier Questionnaire
S0196,,71.02,,2024-10-26,Supplier Questionnaire
S0197,62.43,80.76,73.49,2024-02-21,Supplier Questionnaire
S0198,72.2,77.51,,2025-10-05,Third-party Rating
S0199,75.71,77.62,66.02,2024-08-14,Third-party Rating
S0200,56.88,60.2,51.06,2025-01-25,Supplier Questionnaire
S0201,44.49,40.13,59.34,2024-08-12,Third-party Rating
S0202,80.47,57.25,63.73,2025-01-04,Third-party Rating
S0203,72.7,56.78,69.58,2024-05-21,Supplier Questionnaire
S0204,98.0,77.01,84.62,2025-09-03,Third-party Rating
S0205,74.2,,85.51,2024-04-27,Internal Assessment
S0206,63.69,59.15,82.81,2025-05-21,Supplier Questionnaire
S0207,67.83,64.46,81.78,2025-01-10,Supplier Questionnaire
S0208,85.18,68.63,78.82,2024-09-15,Supplier Questionnaire
S0209,72.83,67.3,99.84,2024-06-28,Third-party Rating
S0210,68.33,56.25,43.66,2024-06-19,Supplier Questionnaire
S0211,82.21,93.06,60.73,2025-01-29,Supplier Questionnaire
S0212,44.2,72.03,73.5,2024-05-05,Supplier Questionnaire
S0213,48.64,71.04,74.95,2025-01-23,Internal Assessment
S0214,,68.02,61.75,2024-03-26,Internal Assessment
S0215,57.05,57.1,58.04,2024-10-13,Supplier Questionnaire
S0216,75.51,63.41,73.59,2025-01-05,Supplier Questionnaire
S0217,57.0,55.4,,2025-04-03,Third-party Rating
S0218,46.88,,62.54,2024-01-08,Third-party Rating
S0219,77.81,92.1,79.35,2025-09-07,Internal Assessment
S0220,69.89,36.97,65.32,2025-07-31,Supplier Questionnaire
S0221,52.81,59.56,59.8,2024-10-10,Internal Assessment
S0222,74.36,67.69,84.47,2025-01-30,Supplier Questionnaire
S0223,63.93,70.54,77.8,2024-11-12,Supplier Questionnaire
S0224,65.08,53.07,64.8,2024-09-12,Supplier Questionnaire
S0225,62.76,58.79,58.56,2025-06-11,Supplier Questionnaire
S0226,49.94,83.47,77.71,2024-01-07,Third-party Rating
S0227,,58.35,75.19,2025-08-10,Supplier Questionnaire
S0228,71.93,,86.62,2024-02-18,Internal Assessment
S0229,70.57,79.47,75.34,2025-08-09,Third-party Rating
S0230,82.89,57.27,76.52,2025-05-04,Third-party Rating
S0231,82.03,74.37,61.01,2025-10-11,Supplier Questionnaire
S0232,59.21,66.27,62.96,2025-07-07,Supplier Questionnaire
S0233,87.0,74.86,64.72,2025-04-06,Supplier Questionnaire
S0234,84.41,65.89,57.05,2025-06-06,Supplier Questionnaire
S0235,49.52,46.17,51.19,2024-06-05,Supplier Questionnaire
S0236,61.15,75.21,68.59,2025-01-05,Third-party Rating
S0237,65.92,89.23,82.6,2025-08-04,Supplier Questionnaire
S0238,79.31,76.12,62.11,2024-07-11,Supplier Questionnaire
S0239,76.72,,,2024-05-19,Supplier Questionnaire
S0240,63.05,,75.31,2025-03-10,Internal Assessment
S0241,82.48,57.21,75.97,2025-07-09,Internal Assessment
S0242,75.26,53.61,,2024-11-11,Third-party Rating
S0243,72.5,46.22,68.86,2024-08-23,Supplier Questionnaire
S0244,72.37,79.05,75.37,2025-12-28,Internal Assessment
S0245,72.35,68.79,74.22,2024-02-19,Third-party Rating
S0246,53.64,78.94,,2025-08-11,Supplier Questionnaire
S0247,58.83,62.07,69.65,2025-07-26,Supplier Questionnaire
S0248,,40.26,74.76,2025-04-22,Supplier Questionnaire
S0249,81.22,86.95,79.48,2025-02-15,Third-party Rating
S0250,83.91,82.6,72.98,2025-03-04,Supplier Questionnaire
S0251,71.45,66.29,67.84,2025-05-31,Supplier Questionnaire
S0252,,54.75,73.02,2025-03-11,Internal Assessment
S0253,,,69.63,2025-03-09,Supplier Questionnaire
S0254,72.85,61.21,55.12,2025-05-07,Internal Assessment
S0255,59.41,83.78,84.66,2025-05-23,Internal Assessment
S0256,63.04,43.26,71.81,2024-04-24,Supplier Questionnaire
S0257,78.31,82.22,72.07,2024-11-28,Internal Assessment
S0258,60.2,76.43,76.26,2024-05-03,Supplier Questionnaire
S0259,78.54,69.25,67.73,2025-12-02,Internal Assessment
S0260,76.63,56.24,100.0,2024-10-20,Supplier Questionnaire
S0261,70.41,48.19,60.48,2025-03-01,Supplier Questionnaire
S0262,73.96,51.13,87.02,2024-02-07,Third-party Rating
S0263,69.26,60.58,72.76,2025-10-05,Internal Assessment
S0264,67.42,74.98,85.19,2024-06-03,Supplier Questionnaire
S0265,69.3,49.35,,2025-12-28,Third-party Rating
S0266,65.68,71.46,73.67,2024-12-05,Supplier Questionnaire
S0267,,68.64,64.15,2024-02-21,Internal Assessment
S0268,53.53,51.08,51.66,2024-12-08,Supplier Questionnaire
S0269,68.09,67.58,67.69,2025-12-11,Third-party Rating
S0270,72.59,50.57,73.83,2025-08-05,Third-party Rating
S0271,47.97,43.5,58.62,2024-07-06,Supplier Questionnaire
S0272,69.48,87.43,59.75,2024-02-15,Supplier Questionnaire
S0273,78.95,64.31,66.28,2025-09-23,Supplier Questionnaire
S0274,65.73,47.98,76.65,2025-02-15,Third-party Rating
S0275,66.4,69.61,74.65,2024-04-15,Supplier Questionnaire
S0276,,35.88,65.03,2024-12-22,Third-party Rating
S0277,74.19,61.0,86.24,2024-02-11,Internal Assessment
S0278,66.5,53.77,52.1,2025-06-13,Third-party Rating
S0279,,68.77,,2024-08-17,Third-party Rating
S0280,72.69,79.69,73.23,2025-12-23,Supplier Questionnaire
S0281,66.21,75.14,71.56,2025-06-25,Third-party Rating
S0282,51.95,22.1,55.78,2025-09-03,Supplier Questionnaire
S0283,72.51,54.6,,2024-11-27,Supplier Questionnaire
S0284,65.76,65.1,81.1,2024-05-23,Supplier Questionnaire
S0285,89.04,81.51,84.97,2024-06-16,Third-party Rating
S0286,,45.84,85.77,2025-04-28,Third-party Rating
S0287,71.17,51.83,,2024-06-08,Supplier Questionnaire
S0288,55.63,67.3,57.13,2024-07-27,Supplier Questionnaire
S0289,56.95,68.65,75.96,2024-09-25,Supplier Questionnaire
S0290,67.87,72.39,,2025-09-08,Internal Assessment
S0291,70.69,77.81,69.08,2024-06-08,Supplier Questionnaire
S0292,,63.67,,2024-07-11,Internal Assessment
S0293,80.35,,,2024-11-30,Supplier Questionnaire
S0294,68.58,51.43,62.64,2024-12-20,Third-party Rating
S0295,59.63,56.99,72.63,2024-12-07,Supplier Questionnaire
S0296,67.13,80.09,62.15,2024-04-22,Third-party Rating
S0297,35.52,53.0,,2025-08-27,Third-party Rating
S0298,86.88,63.81,,2025-01-07,Supplier Questionnaire
S0299,76.68,,74.57,2024-02-06,Internal Assessment
S0300,98.0,65.68,67.39,2024-11-15,Supplier Questionnaire
S0301,72.13,74.45,73.59,2024-06-22,Internal Assessment
S0302,67.76,70.99,60.96,2024-07-24,Supplier Questionnaire
S0303,70.84,57.44,73.95,2025-07-02,Internal Assessment
S0304,,74.9,65.98,2024-06-21,Supplier Questionnaire
S0305,73.86,87.18,62.42,2024-02-18,Third-party Rating
S0306,72.69,,,2024-06-20,Third-party Rating
S0307,67.05,64.23,70.83,2025-11-12,Internal Assessment
S0308,69.52,73.34,50.84,2025-05-10,Supplier Questionnaire
S0309,,65.53,68.0,2024-07-24,Supplier Questionnaire
S0310,72.55,70.9,75.35,2025-03-30,Internal Assessment
S0311,65.96,65.25,60.24,2024-09-07,Internal Assessment
S0312,65.08,59.38,61.61,2025-11-08,Supplier Questionnaire
S0313,75.24,50.23,67.77,2024-06-29,Supplier Questionnaire
S0314,33.09,83.91,60.65,2025-07-02,Supplier Questionnaire
S0315,70.67,80.25,58.46,2024-10-20,Internal Assessment
S0316,,61.76,,2025-05-19,Third-party Rating
S0317,52.75,51.7,49.24,2024-11-09,Supplier Questionnaire
S0318,64.43,73.75,93.41,2024-07-29,Supplier Questionnaire
S0319,49.88,64.18,57.69,2024-04-30,Supplier Questionnaire
S0320,82.87,60.47,54.92,2025-10-20,Supplier Questionnaire
S0321,82.64,57.84,67.89,2025-08-22,Supplier Questionnaire
S0322,71.0,,79.29,2025-10-17,Third-party Rating
S0323,55.45,56.48,71.9,2025-02-25,Supplier Questionnaire
S0324,68.93,53.66,64.13,2025-12-16,Supplier Questionnaire
S0325,85.16,73.23,73.65,2025-01-23,Supplier Questionnaire
S0326,63.88,41.07,74.24,2025-11-15,Supplier Questionnaire
S0327,55.92,,72.28,2024-06-14,Supplier Questionnaire
S0328,93.88,54.0,81.88,2025-02-25,Supplier Questionnaire
S0329,,59.35,69.16,2024-09-13,Supplier Questionnaire
S0330,74.26,72.84,53.33,2024-08-27,Supplier Questionnaire
S0331,47.81,25.01,59.94,2024-10-05,Supplier Questionnaire
S0332,71.52,67.81,71.15,2024-10-07,Third-party Rating
S0333,44.3,54.34,65.71,2025-01-23,Internal Assessment
S0334,71.49,64.68,55.38,2024-10-24,Internal Assessment
S0335,76.54,56.21,73.53,2025-06-05,Supplier Questionnaire
S0336,79.47,65.38,57.64,2024-03-25,Internal Assessment
S0337,81.1,,70.72,2024-09-15,Internal Assessment
S0338,66.24,33.78,75.29,2025-08-31,Third-party Rating
S0339,79.25,81.37,57.65,2024-03-18,Internal Assessment
S0340,64.91,55.17,58.92,2025-05-08,Third-party Rating
S0341,,73.45,67.18,2024-04-24,Third-party Rating
S0342,70.04,57.6,68.37,2025-10-03,Supplier Questionnaire
S0343,53.86,68.86,87.79,2025-11-30,Supplier Questionnaire
S0344,75.18,75.24,75.7,2025-11-13,Internal Assessment
S0345,77.25,79.31,62.58,2025-07-03,Supplier Questionnaire
S0346,81.03,85.88,64.16,2024-11-08,Internal Assessment
S0347,74.75,71.64,66.11,2025-01-29,Supplier Questionnaire
S0348,69.51,65.21,83.48,2024-10-03,Supplier Questionnaire
S0349,67.14,68.72,69.49,2025-01-10,Third-party Rating
S0350,84.19,76.08,,2024-08-25,Supplier Questionnaire
S0351,68.06,,,2025-05-04,Internal Assessment
S0352,87.79,87.16,67.73,2024-07-13,Third-party Rating
S0353,91.49,83.85,67.43,2025-11-16,Third-party Rating
S0354,78.61,76.32,67.63,2024-06-11,Third-party Rating
S0355,76.51,45.56,64.54,2024-05-04,Supplier Questionnaire
S0356,72.17,88.95,71.72,2025-10-17,Third-party Rating
S0357,73.06,61.93,85.44,2024-04-29,Third-party Rating
S0358,88.55,63.52,64.43,2025-09-25,Supplier Questionnaire
S0359,61.61,67.88,46.82,2024-01-21,Supplier Questionnaire
S0360,73.18,,,2025-07-28,Third-party Rating
S0361,62.11,58.55,46.42,2025-12-11,Supplier Questionnaire
S0362,86.95,47.19,78.07,2025-06-01,Third-party Rating
S0363,79.73,67.79,83.62,2024-02-06,Supplier Questionnaire
S0364,53.73,85.52,73.58,2025-08-11,Supplier Questionnaire
S0365,65.92,62.45,69.0,2024-09-03,Supplier Questionnaire
S0366,60.03,73.13,63.02,2024-02-07,Supplier Questionnaire
S0367,39.93,60.5,62.65,2025-01-21,Internal Assessment
S0368,58.69,74.03,67.33,2025-08-10,Supplier Questionnaire
S0369,,,67.87,2024-09-20,Supplier Questionnaire
S0370,56.05,79.38,56.21,2024-02-11,Third-party Rating
S0371,,66.01,57.49,2025-04-13,Third-party Rating
S0372,75.08,71.28,67.07,2025-10-15,Supplier Questionnaire
S0373,58.98,55.97,58.8,2025-05-05,Internal Assessment
S0374,57.99,65.2,,2025-08-24,Supplier Questionnaire
S0375,57.96,,54.98,2025-05-05,Internal Assessment
S0376,79.31,57.48,65.14,2025-12-25,Supplier Questionnaire
S0377,75.93,86.96,,2024-12-07,Internal Assessment
S0378,74.12,49.23,75.9,2024-11-08,Third-party Rating
S0379,70.13,36.4,62.65,2025-11-13,Supplier Questionnaire
S0380,71.37,74.14,74.89,2025-02-10,Supplier Questionnaire
S0381,56.48,53.88,62.05,2025-09-23,Third-party Rating
S0382,83.3,65.56,84.05,2025-05-08,Supplier Questionnaire
S0383,88.67,86.28,81.62,2024-11-09,Supplier Questionnaire
S0384,89.82,79.02,66.11,2024-06-14,Third-party Rating
S0385,58.5,74.09,84.33,2024-06-08,Supplier Questionnaire
S0386,72.95,74.87,,2024-02-02,Supplier Questionnaire
S0387,,74.0,65.01,2024-08-30,Supplier Questionnaire
S0388,60.61,,57.8,2024-02-29,Third-party Rating
S0389,47.29,78.94,43.48,2024-08-04,Internal Assessment
S0390,64.89,61.63,66.69,2024-02-06,Internal Assessment
S0391,76.85,78.25,68.11,2024-02-20,Third-party Rating
S0392,91.68,57.36,50.82,2024-09-05,Third-party Rating
S0393,64.27,71.26,70.97,2024-08-02,Supplier Questionnaire
S0394,68.67,94.82,81.2,2025-10-19,Supplier Questionnaire
S0395,82.39,84.7,82.31,2024-08-03,Supplier Questionnaire
S0396,74.48,78.83,59.76,2025-04-07,Supplier Questionnaire
S0397,60.62,59.55,55.86,2025-04-30,Third-party Rating
S0398,72.73,33.36,70.38,2024-04-08,Supplier Questionnaire
S0399,65.31,66.76,62.06,2025-06-16,Supplier Questionnaire
S0400,63.27,63.47,,2024-01-01,Third-party Rating
S0401,59.84,81.27,82.53,2025-11-30,Supplier Questionnaire
S0402,76.34,,100.0,2024-03-03,Supplier Questionnaire
S0403,53.48,81.52,63.95,2024-06-24,Internal Assessment
S0404,80.03,59.61,56.43,2024-03-11,Third-party Rating
S0405,89.19,41.15,87.49,2024-08-26,Supplier Questionnaire
S0406,,61.19,,2025-05-05,Supplier Questionnaire
S0407,54.47,75.65,70.05,2024-04-03,Third-party Rating
S0408,62.62,,,2025-05-26,Third-party Rating
S0409,80.32,,91.85,2025-03-27,Supplier Questionnaire
S0410,69.0,,54.36,2025-03-26,Third-party Rating
S0411,66.39,,62.51,2025-03-03,Internal Assessment
S0412,57.18,50.76,56.77,2024-02-11,Supplier Questionnaire
S0413,,57.15,61.06,2025-04-10,Supplier Questionnaire
S0414,68.58,85.65,64.82,2024-07-03,Third-party Rating
S0415,79.14,47.45,85.31,2024-09-23,Supplier Questionnaire
S0416,66.74,52.77,77.48,2024-05-18,Internal Assessment
S0417,78.03,92.56,76.35,2024-01-16,Supplier Questionnaire
S0418,66.57,60.51,70.6,2025-07-13,Third-party Rating
S0419,,79.76,,2025-07-06,Internal Assessment
S0420,,,52.39,2025-11-13,Supplier Questionnaire
S0421,61.81,58.91,73.85,2024-10-02,Third-party Rating
S0422,69.77,62.82,65.55,2025-01-04,Supplier Questionnaire
S0423,76.58,56.24,62.62,2024-03-25,Internal Assessment
S0424,52.13,58.44,66.64,2024-10-09,Supplier Questionnaire
S0425,64.91,91.44,70.27,2025-08-17,Third-party Rating
S0426,64.78,,60.6,2025-11-27,Third-party Rating
S0427,62.23,44.66,79.06,2024-10-20,Third-party Rating
S0428,90.07,58.0,,2024-10-12,Supplier Questionnaire
S0429,69.06,53.26,80.49,2025-09-28,Supplier Questionnaire
S0430,80.91,42.85,80.28,2025-08-09,Third-party Rating
S0431,63.84,68.94,82.75,2024-10-16,Third-party Rating
S0432,70.39,55.75,68.04,2024-04-20,Supplier Questionnaire
S0433,92.73,52.37,80.55,2025-08-27,Third-party Rating
S0434,89.89,70.45,,2025-04-04,Supplier Questionnaire
S0435,67.91,65.84,67.76,2024-03-31,Supplier Questionnaire
S0436,68.01,71.71,62.68,2024-01-30,Supplier Questionnaire
S0437,73.36,34.61,76.14,2025-05-05,Third-party Rating
S0438,64.26,75.55,65.25,2025-11-24,Supplier Questionnaire
S0439,62.25,60.16,87.92,2024-10-05,Supplier Questionnaire
S0440,62.68,70.58,,2025-10-20,Supplier Questionnaire
S0441,57.07,61.61,61.53,2025-08-21,Supplier Questionnaire
S0442,62.23,62.91,76.88,2024-09-14,Supplier Questionnaire
S0443,,71.61,62.0,2025-07-26,Supplier Questionnaire
S0444,83.01,49.74,90.72,2025-11-30,Third-party Rating
S0445,95.72,81.67,75.16,2025-02-21,Supplier Questionnaire
S0446,62.24,87.8,80.99,2025-01-17,Third-party Rating
S0447,75.95,51.31,69.0,2024-04-29,Third-party Rating
S0448,66.95,64.79,,2024-10-09,Supplier Questionnaire
S0449,67.72,58.27,39.63,2024-10-06,Internal Assessment
S0450,95.53,68.63,77.7,2025-01-04,Supplier Questionnaire
S0451,91.96,93.77,77.41,2025-12-01,Third-party Rating
S0452,85.24,,83.37,2024-02-03,Internal Assessment
S0453,70.45,68.38,,2024-03-30,Supplier Questionnaire
S0454,66.19,,65.08,2024-09-18,Supplier Questionnaire
S0455,,,87.38,2024-10-26,Supplier Questionnaire
S0456,83.86,36.31,64.09,2024-01-18,Third-party Rating
S0457,,52.82,67.77,2024-08-18,Supplier Questionnaire
S0458,76.65,51.27,61.9,2024-03-11,Supplier Questionnaire
S0459,73.96,58.58,72.6,2024-12-12,Supplier Questionnaire
S0460,91.35,57.23,61.19,2025-07-25,Internal Assessment
S0461,70.45,68.61,62.48,2024-10-26,Third-party Rating
S0462,59.28,63.83,79.7,2025-06-17,Internal Assessment
S0463,87.12,,70.91,2025-09-24,Third-party Rating
S0464,79.75,72.92,,2024-04-12,Internal Assessment
S0465,81.8,34.4,64.52,2025-12-28,Third-party Rating
S0466,51.07,76.78,71.54,2024-10-16,Internal Assessment
S0467,63.18,50.91,66.22,2024-11-01,Supplier Questionnaire
S0468,95.68,84.71,60.41,2025-02-24,Supplier Questionnaire
S0469,59.97,40.13,68.86,2024-06-02,Supplier Questionnaire
S0470,87.94,82.46,67.38,2025-02-15,Supplier Questionnaire
S0471,71.79,,76.39,2025-06-20,Supplier Questionnaire
S0472,75.13,64.85,90.97,2024-04-07,Third-party Rating
S0473,60.69,43.19,,2024-07-29,Supplier Questionnaire
S0474,97.12,67.98,66.95,2024-07-27,Supplier Questionnaire
S0475,78.41,,73.98,2024-03-07,Internal Assessment
S0476,,77.23,87.09,2024-10-24,Third-party Rating
S0477,82.58,69.62,76.06,2025-10-12,Internal Assessment
S0478,79.74,80.04,75.53,2024-11-09,Supplier Questionnaire
S0479,78.21,73.33,,2024-07-15,Internal Assessment
S0480,71.87,57.45,65.26,2024-08-11,Supplier Questionnaire
S0481,97.25,87.98,96.28,2024-02-29,Third-party Rating
S0482,62.77,53.13,78.85,2024-07-25,Internal Assessment
S0483,80.4,61.25,74.62,2025-11-11,Supplier Questionnaire
S0484,76.04,64.71,79.99,2025-02-16,Internal Assessment
S0485,81.59,78.76,61.24,2025-10-04,Internal Assessment
S0486,,67.68,80.06,2024-06-10,Third-party Rating
S0487,89.5,65.01,77.04,2025-07-08,Supplier Questionnaire
S0488,67.09,61.32,62.77,2024-06-02,Supplier Questionnaire
S0489,75.34,,76.39,2025-07-24,Internal Assessment
S0490,72.96,74.12,79.49,2025-12-05,Third-party Rating
S0491,56.14,58.59,,2025-02-23,Internal Assessment
S0492,80.95,68.27,59.85,2024-08-15,Third-party Rating
S0493,90.98,56.63,,2024-10-22,Supplier Questionnaire
S0494,82.64,57.0,62.26,2025-07-25,Internal Assessment
S0495,73.64,80.93,82.79,2025-09-09,Supplier Questionnaire
S0496,74.67,49.9,62.59,2024-02-15,Third-party Rating
S0497,64.1,71.58,63.7,2025-08-13,Supplier Questionnaire
S0498,61.86,66.47,76.46,2025-09-18,Third-party Rating
S0499,62.08,62.61,59.0,2025-11-20,Third-party Rating
S0500,60.74,,81.07,2024-12-31,Internal Assessment
S0501,58.6,79.55,56.76,2025-08-08,Supplier Questionnaire
S0502,67.72,69.45,79.07,2025-04-28,Supplier Questionnaire
S0503,79.31,75.09,73.72,2025-09-18,Internal Assessment
S0504,78.39,75.82,71.5,2025-06-25,Third-party Rating
S0505,62.57,81.84,,2024-02-09,Supplier Questionnaire
S0506,65.73,60.56,78.26,2025-09-11,Third-party Rating
S0507,54.8,57.28,68.61,2024-05-18,Supplier Questionnaire
S0508,81.29,66.09,86.26,2025-03-17,Supplier Questionnaire
S0509,79.75,63.18,68.8,2024-03-17,Supplier Questionnaire
S0510,80.39,73.68,83.44,2025-05-23,Third-party Rating
S0511,,63.22,62.85,2024-10-24,Supplier Questionnaire
S0512,78.33,71.87,77.69,2025-04-05,Internal Assessment
S0513,65.84,,74.74,2025-07-20,Third-party Rating
S0514,69.08,49.73,66.27,2024-01-08,Third-party Rating
S0515,79.24,71.47,65.08,2024-09-08,Third-party Rating
S0516,49.84,26.33,72.48,2025-10-04,Supplier Questionnaire
S0517,98.0,93.69,69.37,2025-04-29,Supplier Questionnaire
S0518,73.94,52.36,91.71,2024-11-04,Third-party Rating
S0519,59.78,64.99,65.47,2024-11-01,Third-party Rating
S0520,79.7,45.14,67.43,2025-07-03,Third-party Rating
S0521,45.82,59.74,,2024-09-08,Supplier Questionnaire
S0522,67.78,48.09,66.32,2024-01-01,Supplier Questionnaire
S0523,59.85,71.26,66.9,2024-11-10,Third-party Rating
S0524,68.68,65.41,54.62,2024-09-11,Internal Assessment
S0525,83.29,43.31,56.73,2024-01-26,Internal Assessment
S0526,,63.72,,2025-08-08,Third-party Rating
S0527,59.08,38.37,63.93,2025-09-20,Supplier Questionnaire
S0528,92.42,65.45,86.54,2025-12-22,Supplier Questionnaire
S0529,64.22,58.87,50.68,2025-01-28,Supplier Questionnaire
S0530,83.23,74.46,72.94,2024-09-09,Supplier Questionnaire
S0531,67.65,52.36,,2024-01-01,Supplier Questionnaire
S0532,68.02,56.23,,2024-06-19,Supplier Questionnaire
S0533,,72.66,53.52,2025-10-01,Internal Assessment
S0534,62.72,70.81,80.24,2024-08-29,Third-party Rating
S0535,67.5,61.08,62.62,2024-04-29,Internal Assessment
S0536,51.28,54.38,66.6,2025-04-08,Internal Assessment
S0537,64.81,74.64,69.28,2024-05-03,Internal Assessment
S0538,70.88,89.84,76.62,2025-11-13,Supplier Questionnaire
S0539,71.36,,61.06,2024-10-02,Supplier Questionnaire
S0540,58.84,76.19,51.9,2024-04-26,Supplier Questionnaire
S0541,54.07,61.16,56.31,2025-08-04,Supplier Questionnaire
S0542,50.31,75.48,84.7,2024-04-23,Third-party Rating
S0543,54.44,60.17,52.62,2024-01-30,Internal Assessment
S0544,52.07,60.39,66.71,2024-02-01,Third-party Rating
S0545,,56.79,72.4,2025-12-17,Internal Assessment
S0546,,77.78,63.91,2024-09-07,Supplier Questionnaire
S0547,45.24,58.85,,2024-02-20,Supplier Questionnaire
S0548,73.81,50.01,60.03,2025-04-09,Internal Assessment
S0549,65.3,66.23,,2024-10-05,Supplier Questionnaire
S0550,79.8,68.66,73.97,2024-06-22,Supplier Questionnaire
S0551,84.79,54.54,92.48,2024-09-21,Supplier Questionnaire
S0552,75.28,59.15,68.8,2024-12-08,Third-party Rating
S0553,57.75,64.92,71.66,2024-01-19,Supplier Questionnaire
S0554,55.93,49.68,78.32,2024-02-10,Supplier Questionnaire
S0555,46.04,,56.48,2024-04-17,Supplier Questionnaire
S0556,67.05,58.57,67.62,2025-10-26,Third-party Rating
S0557,68.93,62.41,66.65,2025-11-07,Internal Assessment
S0558,61.72,72.95,64.74,2025-02-03,Supplier Questionnaire
S0559,,,60.49,2024-05-01,Third-party Rating
S0560,70.58,62.05,,2024-09-28,Internal Assessment
S0561,55.61,73.3,,2024-02-06,Supplier Questionnaire
S0562,77.43,68.12,60.97,2024-06-14,Third-party Rating
S0563,69.02,64.11,48.41,2025-12-02,Supplier Questionnaire
S0564,67.1,65.09,52.9,2024-09-13,Internal Assessment
S0565,70.43,75.2,76.24,2024-09-06,Internal Assessment
S0566,77.83,81.81,73.03,2024-09-22,Supplier Questionnaire
S0567,76.93,67.53,67.86,2024-10-15,Internal Assessment
S0568,72.8,63.51,66.88,2025-05-06,Supplier Questionnaire
S0569,82.15,58.14,78.93,2024-05-16,Supplier Questionnaire
S0570,48.93,62.57,78.59,2024-05-28,Supplier Questionnaire
S0571,83.09,60.86,56.51,2025-12-07,Third-party Rating
S0572,,60.39,52.7,2025-10-17,Third-party Rating
S0573,91.56,,66.88,2024-03-31,Supplier Questionnaire
S0574,58.88,80.03,67.31,2025-09-04,Supplier Questionnaire
S0575,54.21,64.07,,2025-06-17,Supplier Questionnaire
S0576,84.28,42.67,79.78,2025-04-18,Third-party Rating
S0577,63.51,55.73,,2024-10-14,Third-party Rating
S0578,75.3,72.98,63.21,2024-09-05,Supplier Questionnaire
S0579,77.38,69.14,62.48,2024-04-30,Supplier Questionnaire
S0580,,58.77,72.54,2025-04-08,Internal Assessment
S0581,63.19,57.66,71.16,2025-02-12,Internal Assessment
S0582,72.6,75.93,83.92,2024-11-13,Supplier Questionnaire
S0583,72.49,77.23,67.53,2024-08-09,Third-party Rating
S0584,78.63,98.0,87.27,2025-03-14,Supplier Questionnaire
S0585,65.03,51.77,73.13,2025-06-15,Supplier Questionnaire
S0586,69.87,65.92,71.12,2025-03-07,Third-party Rating
S0587,72.68,52.4,,2024-12-23,Supplier Questionnaire
S0588,89.41,42.3,65.21,2025-01-14,Third-party Rating
S0589,,52.42,81.31,2024-11-15,Internal Assessment
S0590,67.25,76.32,,2024-09-10,Supplier Questionnaire
S0591,,68.34,54.3,2025-11-02,Third-party Rating
S0592,65.8,65.35,,2025-06-24,Internal Assessment
S0593,63.37,63.63,65.16,2025-03-24,Supplier Questionnaire
S0594,67.73,57.8,51.64,2024-11-09,Supplier Questionnaire
S0595,58.12,66.6,66.2,2025-07-15,Supplier Questionnaire
S0596,48.94,60.42,57.93,2024-03-28,Supplier Questionnaire
S0597,62.21,52.05,59.67,2024-11-03,Internal Assessment
S0598,81.96,70.27,,2025-02-25,Internal Assessment
S0599,56.48,80.4,,2024-09-24,Supplier Questionnaire
S0600,65.82,67.61,67.06,2025-12-06,Supplier Questionnaire
S0601,90.99,80.63,85.76,2024-11-28,Third-party Rating
S0602,,84.45,68.98,2024-07-24,Supplier Questionnaire
S0603,60.17,50.34,51.8,2025-10-28,Internal Assessment
S0604,62.11,76.12,89.84,2024-07-01,Supplier Questionnaire
S0605,76.32,58.02,76.31,2024-03-13,Third-party Rating
S0606,96.0,82.44,50.3,2024-02-28,Third-party Rating
S0607,71.6,67.34,54.82,2025-02-28,Internal Assessment
S0608,65.06,52.99,78.84,2025-10-04,Supplier Questionnaire
S0609,74.5,64.35,43.44,2024-08-14,Internal Assessment
S0610,78.19,80.16,86.15,2024-08-07,Third-party Rating
S0611,80.72,58.54,52.16,2025-03-26,Internal Assessment
S0612,73.55,69.88,73.79,2024-12-08,Third-party Rating
S0613,65.12,61.33,77.7,2024-11-06,Internal Assessment
S0614,62.02,60.64,70.45,2024-01-26,Supplier Questionnaire
S0615,79.11,59.31,76.74,2024-10-10,Supplier Questionnaire
S0616,72.8,65.84,,2025-11-13,Third-party Rating
S0617,,88.05,74.98,2024-08-30,Supplier Questionnaire
S0618,77.22,83.21,82.93,2025-11-09,Internal Assessment
S0619,69.95,54.92,59.81,2024-10-09,Third-party Rating
S0620,61.72,45.24,52.2,2025-12-18,Supplier Questionnaire
S0621,83.51,78.63,66.44,2025-08-08,Supplier Questionnaire
S0622,66.43,72.66,63.32,2024-05-11,Supplier Questionnaire
S0623,76.46,53.67,76.03,2024-11-20,Third-party Rating
S0624,48.7,49.91,67.75,2024-02-12,Internal Assessment
S0625,72.57,,65.91,2024-10-18,Supplier Questionnaire
S0626,53.6,61.44,57.28,2025-10-07,Supplier Questionnaire
S0627,75.08,54.85,65.07,2025-05-26,Supplier Questionnaire
S0628,93.99,73.63,53.41,2024-01-06,Third-party Rating
S0629,70.7,71.26,,2025-12-15,Internal Assessment
S0630,71.12,71.8,53.58,2025-10-26,Third-party Rating
S0631,78.19,87.66,74.43,2024-11-29,Third-party Rating
S0632,66.12,30.71,57.37,2025-12-06,Third-party Rating
S0633,61.85,,63.46,2024-02-20,Third-party Rating
S0634,80.28,38.62,79.88,2025-10-02,Third-party Rating
S0635,80.27,65.27,70.15,2025-12-10,Supplier Questionnaire
S0636,,49.66,72.01,2024-12-08,Third-party Rating
S0637,55.67,65.53,58.32,2024-08-05,Third-party Rating
S0638,66.54,,83.57,2024-06-15,Internal Assessment
S0639,64.16,49.41,62.42,2025-12-22,Internal Assessment
S0640,67.92,43.05,65.45,2025-10-12,Supplier Questionnaire
S0641,88.13,63.89,69.51,2024-07-24,Internal Assessment
S0642,60.91,60.83,59.03,2025-03-18,Supplier Questionnaire
S0643,64.83,,73.56,2024-11-11,Third-party Rating
S0644,71.64,44.5,,2024-10-11,Internal Assessment
S0645,72.97,41.21,31.93,2024-07-22,Internal Assessment
S0646,74.71,45.24,75.44,2024-07-22,Supplier Questionnaire
S0647,74.11,59.48,66.45,2024-07-07,Internal Assessment
S0648,40.45,58.03,67.68,2024-08-09,Internal Assessment
S0649,82.98,,70.41,2024-01-11,Supplier Questionnaire
S0650,72.58,60.93,49.22,2025-05-20,Third-party Rating
S0651,67.24,,39.47,2024-05-03,Supplier Questionnaire
S0652,83.45,98.0,77.64,2024-06-14,Supplier Questionnaire
S0653,90.69,73.04,,2025-03-22,Supplier Questionnaire
S0654,76.09,87.44,73.51,2024-05-04,Third-party Rating
S0655,59.37,56.85,88.92,2024-12-19,Third-party Rating
S0656,66.53,70.27,85.3,2024-09-06,Supplier Questionnaire
S0657,69.1,79.38,78.23,2024-07-09,Supplier Questionnaire
S0658,51.57,28.15,73.32,2025-12-06,Supplier Questionnaire
S0659,76.75,64.53,64.89,2025-09-25,Supplier Questionnaire
S0660,61.08,87.58,78.6,2024-09-28,Supplier Questionnaire
S0661,63.08,49.35,69.98,2024-06-27,Supplier Questionnaire
S0662,63.13,53.0,55.78,2025-10-15,Internal Assessment
S0663,65.4,67.92,69.62,2025-05-17,Supplier Questionnaire
S0664,49.04,76.27,63.9,2024-02-07,Supplier Questionnaire
S0665,67.68,58.72,53.77,2024-12-24,Third-party Rating
S0666,61.2,51.92,59.72,2024-08-13,Supplier Questionnaire
S0667,62.32,63.37,82.84,2025-12-18,Supplier Questionnaire
S0668,59.88,80.35,68.01,2025-06-06,Internal Assessment
S0669,61.21,67.44,65.88,2025-03-11,Supplier Questionnaire
S0670,74.86,61.11,72.15,2025-09-06,Supplier Questionnaire
S0671,57.16,65.5,85.86,2025-02-01,Supplier Questionnaire
S0672,60.73,67.41,72.88,2024-06-23,Supplier Questionnaire
S0673,61.76,45.61,60.23,2024-09-24,Supplier Questionnaire
S0674,70.03,62.52,59.39,2025-11-27,Third-party Rating
S0675,69.7,80.78,73.23,2024-07-13,Third-party Rating
S0676,64.35,83.4,72.29,2025-09-18,Supplier Questionnaire
S0677,64.91,77.07,59.85,2024-02-14,Supplier Questionnaire
S0678,86.28,,,2025-05-21,Supplier Questionnaire
S0679,59.37,77.44,58.64,2024-11-21,Supplier Questionnaire
S0680,72.01,70.18,73.87,2025-12-21,Supplier Questionnaire
S0681,78.81,54.16,79.79,2024-04-24,Supplier Questionnaire
S0682,64.99,64.07,76.01,2024-07-19,Third-party Rating
S0683,51.37,,81.47,2025-02-19,Supplier Questionnaire
S0684,76.92,74.89,,2024-02-07,Third-party Rating
S0685,69.53,47.01,64.54,2025-01-03,Internal Assessment
S0686,66.39,54.16,,2024-12-04,Third-party Rating
S0687,67.04,67.59,,2025-08-12,Third-party Rating
S0688,68.76,63.08,,2025-04-15,Third-party Rating
S0689,77.77,85.35,70.63,2025-01-20,Third-party Rating
S0690,95.98,72.16,73.08,2024-02-29,Supplier Questionnaire
S0691,,55.45,51.17,2025-05-19,Supplier Questionnaire
S0692,70.35,59.0,73.95,2024-03-17,Supplier Questionnaire
S0693,46.28,92.5,69.66,2025-09-25,Supplier Questionnaire
S0694,64.24,73.11,82.97,2024-02-24,Third-party Rating
S0695,60.93,56.15,49.82,2025-11-19,Supplier Questionnaire
S0696,59.67,85.47,74.33,2025-06-02,Supplier Questionnaire
S0697,78.24,64.61,83.56,2024-09-05,Supplier Questionnaire
S0698,58.42,71.85,71.52,2024-01-18,Third-party Rating
S0699,,76.31,68.39,2025-04-17,Third-party Rating
S0700,79.72,69.23,,2025-12-18,Supplier Questionnaire
S0701,73.75,81.16,76.96,2025-08-26,Supplier Questionnaire
S0702,57.15,54.52,74.64,2024-02-10,Supplier Questionnaire
S0703,47.42,26.02,56.8,2024-08-15,Supplier Questionnaire
S0704,73.09,56.04,64.39,2025-12-10,Supplier Questionnaire
S0705,70.49,45.38,83.33,2025-04-28,Internal Assessment
S0706,55.14,,75.29,2024-08-18,Supplier Questionnaire
S0707,78.5,60.87,72.92,2025-09-26,Internal Assessment
S0708,67.17,66.49,81.71,2024-12-01,Third-party Rating
S0709,69.27,56.26,65.02,2024-11-03,Supplier Questionnaire
S0710,,65.73,46.79,2024-05-20,Third-party Rating
S0711,78.52,79.16,52.57,2025-02-02,Internal Assessment
S0712,67.39,73.41,75.13,2025-03-01,Third-party Rating
S0713,61.05,56.03,79.35,2024-01-13,Third-party Rating
S0714,68.97,63.15,61.66,2025-08-21,Third-party Rating
S0715,54.43,46.0,55.04,2024-01-20,Third-party Rating
S0716,81.62,75.96,82.59,2025-02-27,Supplier Questionnaire
S0717,76.43,,59.78,2024-04-02,Supplier Questionnaire
S0718,,63.6,,2025-09-18,Third-party Rating
S0719,64.07,,66.91,2025-03-27,Internal Assessment
S0720,79.84,,72.81,2025-09-01,Supplier Questionnaire
S0721,58.39,68.08,53.45,2025-11-30,Supplier Questionnaire
S0722,83.54,69.95,69.85,2024-05-01,Third-party Rating
S0723,60.55,71.64,65.69,2025-10-29,Supplier Questionnaire
S0724,50.05,56.47,59.64,2025-07-08,Third-party Rating
S0725,75.81,63.02,73.56,2024-06-19,Internal Assessment
S0726,62.42,73.66,65.05,2025-03-09,Third-party Rating
S0727,54.95,71.92,,2025-12-19,Supplier Questionnaire
S0728,63.06,58.63,68.61,2024-09-15,Supplier Questionnaire
S0729,59.16,,,2025-10-15,Internal Assessment
S0730,79.79,75.52,70.32,2025-10-24,Supplier Questionnaire
S0731,79.58,70.17,55.32,2024-05-17,Supplier Questionnaire
S0732,79.58,58.12,69.51,2024-04-15,Internal Assessment
S0733,58.22,,57.24,2024-04-05,Supplier Questionnaire
S0734,78.44,57.28,82.87,2024-03-12,Supplier Questionnaire
S0735,71.12,84.89,81.47,2025-05-09,Supplier Questionnaire
S0736,87.75,75.41,79.2,2024-07-13,Supplier Questionnaire
S0737,65.47,55.39,68.51,2025-08-30,Supplier Questionnaire
S0738,85.45,85.09,87.8,2025-12-16,Internal Assessment
S0739,82.42,63.35,79.95,2025-10-26,Internal Assessment
S0740,66.97,84.28,56.7,2024-11-10,Third-party Rating
S0741,50.79,57.83,75.33,2024-07-03,Third-party Rating
S0742,,57.47,57.86,2025-10-27,Third-party Rating
S0743,82.93,75.07,79.86,2024-01-21,Supplier Questionnaire
S0744,,82.4,,2024-04-16,Third-party Rating
S0745,63.62,68.86,52.37,2025-03-11,Supplier Questionnaire
S0746,93.19,69.07,76.91,2025-08-21,Supplier Questionnaire
S0747,74.52,47.25,80.07,2024-04-09,Third-party Rating
S0748,58.14,49.92,,2024-03-14,Internal Assessment
S0749,83.09,59.99,63.26,2024-09-06,Supplier Questionnaire
S0750,66.78,65.34,72.94,2024-10-30,Third-party Rating
S0751,59.34,72.98,63.89,2025-11-08,Internal Assessment
S0752,65.15,85.74,77.9,2024-11-21,Third-party Rating
S0753,68.22,,46.86,2025-04-10,Supplier Questionnaire
S0754,62.2,66.64,68.5,2025-01-25,Third-party Rating
S0755,74.92,72.9,75.5,2025-08-04,Supplier Questionnaire
S0756,81.91,76.12,74.06,2024-10-26,Third-party Rating
S0757,91.35,86.74,66.17,2024-03-09,Third-party Rating
S0758,63.46,53.2,62.97,2025-06-21,Supplier Questionnaire
S0759,76.68,47.76,89.98,2024-04-15,Supplier Questionnaire
S0760,,56.95,96.47,2025-01-13,Supplier Questionnaire
S0761,60.83,,53.92,2025-06-18,Supplier Questionnaire
S0762,87.26,74.06,67.85,2025-03-05,Third-party Rating
S0763,59.33,53.2,78.86,2024-10-30,Third-party Rating
S0764,70.25,69.2,65.44,2025-05-03,Supplier Questionnaire
S0765,68.21,36.03,76.71,2024-09-18,Supplier Questionnaire
S0766,47.8,55.91,64.6,2024-12-20,Supplier Questionnaire
S0767,,72.54,75.97,2025-06-08,Third-party Rating
S0768,80.89,60.2,91.74,2024-05-20,Supplier Questionnaire
S0769,56.83,68.25,67.76,2025-11-26,Third-party Rating
S0770,70.27,88.59,66.01,2025-01-31,Third-party Rating
S0771,56.85,40.71,57.21,2024-11-22,Third-party Rating
S0772,57.98,53.7,73.19,2024-04-30,Supplier Questionnaire
S0773,76.18,59.11,58.22,2025-01-12,Third-party Rating
S0774,79.65,40.18,66.62,2025-03-03,Supplier Questionnaire
S0775,74.8,55.34,74.41,2025-07-21,Supplier Questionnaire
S0776,65.37,83.39,90.08,2025-10-13,Supplier Questionnaire
S0777,60.69,52.08,77.24,2025-05-14,Supplier Questionnaire
S0778,68.01,62.91,69.31,2024-07-24,Third-party Rating
S0779,51.56,56.21,68.26,2024-09-04,Third-party Rating
S0780,77.43,67.47,74.44,2024-04-26,Third-party Rating
S0781,77.1,83.27,74.14,2024-08-13,Supplier Questionnaire
S0782,62.31,80.42,58.37,2025-08-14,Internal Assessment
S0783,80.77,69.46,90.66,2024-12-19,Third-party Rating
S0784,61.16,63.88,63.93,2024-05-26,Supplier Questionnaire
S0785,76.1,68.28,67.73,2024-02-06,Internal Assessment
S0786,74.62,72.52,65.4,2025-02-24,Third-party Rating
S0787,,,71.06,2024-01-10,Supplier Questionnaire
S0788,77.18,43.6,94.01,2024-12-30,Third-party Rating
S0789,69.11,53.14,76.33,2024-12-20,Supplier Questionnaire
S0790,75.19,75.88,69.34,2024-05-05,Supplier Questionnaire
S0791,77.91,82.49,,2025-04-02,Supplier Questionnaire
S0792,,77.22,67.38,2025-08-20,Supplier Questionnaire
S0793,67.02,69.98,74.44,2024-04-06,Supplier Questionnaire
S0794,58.15,82.99,76.25,2024-03-06,Internal Assessment
S0795,74.04,55.92,61.88,2025-09-30,Third-party Rating
S0796,65.93,70.7,65.05,2024-03-14,Supplier Questionnaire
S0797,52.03,80.37,,2025-04-11,Internal Assessment
S0798,79.22,77.37,60.3,2025-09-29,Third-party Rating
S0799,,70.99,64.35,2025-05-26,Supplier Questionnaire
S0800,72.47,66.15,,2025-01-04,Supplier Questionnaire
S0801,,59.23,43.12,2025-09-11,Supplier Questionnaire
S0802,82.83,31.7,68.64,2024-12-23,Supplier Questionnaire
S0803,59.79,56.5,44.78,2024-12-25,Third-party Rating
S0804,57.22,44.94,71.77,2025-08-02,Third-party Rating
S0805,42.1,56.96,63.61,2025-11-23,Supplier Questionnaire
S0806,65.0,54.39,65.31,2024-12-02,Supplier Questionnaire
S0807,75.86,45.61,49.55,2024-11-22,Supplier Questionnaire
S0808,76.39,63.81,73.39,2024-07-07,Internal Assessment
S0809,58.37,39.85,51.35,2025-06-01,Third-party Rating
S0810,81.52,70.32,72.97,2025-07-20,Supplier Questionnaire
S0811,76.56,42.03,77.94,2024-02-08,Supplier Questionnaire
S0812,,54.74,67.73,2025-09-30,Supplier Questionnaire
S0813,78.2,52.51,67.65,2024-04-02,Supplier Questionnaire
S0814,65.2,,53.04,2024-02-29,Supplier Questionnaire
S0815,70.37,71.89,68.76,2024-07-15,Supplier Questionnaire
S0816,74.98,77.08,,2025-12-23,Supplier Questionnaire
S0817,75.69,50.76,69.29,2025-01-07,Supplier Questionnaire
S0818,,55.27,65.82,2024-07-26,Third-party Rating
S0819,84.51,61.16,60.74,2024-01-14,Supplier Questionnaire
S0820,72.76,61.62,57.06,2025-11-12,Supplier Questionnaire
S0821,77.66,68.37,47.4,2024-03-20,Internal Assessment
S0822,56.71,63.55,62.54,2024-05-02,Supplier Questionnaire
S0823,40.75,,72.78,2025-02-27,Third-party Rating
S0824,66.49,55.36,62.51,2024-02-15,Third-party Rating
S0825,83.71,82.39,77.18,2024-04-22,Supplier Questionnaire
S0826,70.58,55.44,65.54,2024-09-28,Third-party Rating
S0827,,47.78,74.72,2024-02-10,Third-party Rating
S0828,72.64,60.59,63.36,2025-09-02,Third-party Rating
S0829,98.0,84.32,,2024-05-24,Third-party Rating
S0830,72.33,72.42,47.85,2024-06-02,Third-party Rating
S0831,53.19,67.61,,2025-07-25,Supplier Questionnaire
S0832,88.74,73.06,,2024-04-23,Supplier Questionnaire
S0833,82.32,66.31,70.05,2025-11-02,Supplier Questionnaire
S0834,83.1,54.68,70.29,2025-11-22,Supplier Questionnaire
S0835,66.78,56.37,70.87,2024-12-28,Third-party Rating
S0836,71.76,65.95,65.3,2024-09-13,Third-party Rating
S0837,75.71,68.25,58.47,2024-09-29,Supplier Questionnaire
S0838,55.82,66.57,65.0,2025-05-31,Internal Assessment
S0839,61.03,48.16,69.41,2024-03-29,Supplier Questionnaire
S0840,61.76,83.98,50.25,2025-10-27,Supplier Questionnaire
S0841,61.28,74.54,80.56,2025-04-15,Third-party Rating
S0842,64.24,76.69,68.29,2025-10-14,Supplier Questionnaire
S0843,85.64,68.66,77.29,2024-05-01,Third-party Rating
S0844,83.14,72.83,77.94,2024-03-03,Third-party Rating
S0845,60.09,69.28,79.87,2025-03-28,Supplier Questionnaire
S0846,44.09,73.63,67.24,2024-06-06,Supplier Questionnaire
S0847,69.03,79.76,80.84,2024-09-12,Supplier Questionnaire
S0848,49.0,85.47,74.79,2025-04-21,Internal Assessment
S0849,49.6,36.98,50.53,2025-08-26,Internal Assessment
S0850,71.35,83.35,67.29,2025-06-04,Third-party Rating
S0851,73.27,49.33,71.24,2025-12-06,Third-party Rating
S0852,83.6,57.39,68.63,2024-10-11,Third-party Rating
S0853,67.77,68.71,66.1,2025-06-12,Internal Assessment
S0854,66.64,,63.8,2024-11-19,Third-party Rating
S0855,82.29,64.03,,2024-10-01,Third-party Rating
S0856,48.14,70.27,51.8,2025-08-13,Supplier Questionnaire
S0857,72.9,38.35,59.22,2024-07-21,Supplier Questionnaire
S0858,77.87,66.74,,2025-02-25,Third-party Rating
S0859,66.79,65.83,71.73,2025-02-02,Internal Assessment
S0860,,57.97,68.98,2024-05-21,Supplier Questionnaire
S0861,68.85,72.8,67.08,2024-01-28,Supplier Questionnaire
S0862,74.51,74.75,92.04,2025-01-06,Third-party Rating
S0863,80.08,57.82,,2024-12-02,Supplier Questionnaire
S0864,65.47,56.23,59.53,2025-04-16,Supplier Questionnaire
S0865,83.48,76.85,63.39,2024-07-18,Third-party Rating
S0866,73.58,71.69,80.56,2025-06-02,Internal Assessment
S0867,58.09,53.15,,2025-11-03,Third-party Rating
S0868,66.88,68.51,77.45,2024-11-30,Supplier Questionnaire
S0869,68.55,69.78,59.48,2024-06-24,Internal Assessment
S0870,65.65,41.34,54.92,2025-02-28,Internal Assessment
S0871,58.68,59.72,83.59,2025-04-29,Supplier Questionnaire
S0872,67.15,71.1,58.3,2025-10-27,Supplier Questionnaire
S0873,70.31,61.46,62.44,2024-01-21,Supplier Questionnaire
S0874,86.94,55.91,51.48,2025-04-03,Third-party Rating
S0875,88.24,72.6,75.49,2024-03-05,Supplier Questionnaire
S0876,56.08,89.1,65.32,2025-05-21,Supplier Questionnaire
S0877,48.26,64.74,82.1,2025-05-14,Supplier Questionnaire
S0878,70.13,65.34,75.57,2025-09-29,Supplier Questionnaire
S0879,54.83,47.54,62.38,2024-02-04,Supplier Questionnaire
S0880,63.19,,60.49,2024-10-16,Third-party Rating
S0881,,48.91,78.69,2025-07-10,Third-party Rating
S0882,66.95,64.68,64.03,2024-12-05,Supplier Questionnaire
S0883,57.21,62.36,75.49,2025-06-10,Internal Assessment
S0884,59.45,89.52,76.77,2025-02-14,Supplier Questionnaire
S0885,53.06,60.63,64.76,2024-07-15,Supplier Questionnaire
S0886,,60.04,60.18,2025-01-28,Internal Assessment
S0887,67.83,72.06,65.76,2025-09-06,Internal Assessment
S0888,67.86,78.52,71.51,2024-05-19,Third-party Rating
S0889,52.08,82.45,65.96,2024-07-12,Internal Assessment
S0890,68.54,71.76,72.17,2024-07-14,Third-party Rating
S0891,,58.82,70.26,2025-04-17,Supplier Questionnaire
S0892,65.02,56.39,70.25,2024-03-26,Supplier Questionnaire
S0893,64.26,71.97,71.67,2025-03-30,Supplier Questionnaire
S0894,96.0,78.74,69.89,2024-10-07,Internal Assessment
S0895,73.73,45.93,,2024-10-26,Third-party Rating
S0896,83.17,67.1,69.57,2024-01-19,Internal Assessment
S0897,64.89,47.8,,2024-03-02,Third-party Rating
S0898,57.86,63.06,61.0,2025-10-30,Third-party Rating
S0899,72.36,76.13,64.53,2025-01-06,Supplier Questionnaire
S0900,80.54,78.99,72.94,2025-06-14,Supplier Questionnaire
S0901,62.08,53.09,56.83,2024-02-18,Internal Assessment
S0902,68.36,53.9,75.52,2025-09-06,Supplier Questionnaire
S0903,85.08,73.48,77.88,2025-05-03,Supplier Questionnaire
S0904,73.89,70.77,85.91,2025-03-19,Supplier Questionnaire
S0905,71.18,55.65,59.18,2025-02-12,Supplier Questionnaire
S0906,71.89,53.99,73.08,2024-11-18,Supplier Questionnaire
S0907,64.73,35.1,58.17,2025-07-09,Supplier Questionnaire
S0908,60.16,45.42,75.64,2024-02-08,Third-party Rating
S0909,49.34,39.46,62.79,2024-04-23,Supplier Questionnaire
S0910,62.26,87.42,67.01,2025-02-12,Supplier Questionnaire
S0911,55.98,38.76,62.88,2024-02-27,Supplier Questionnaire
S0912,70.16,71.52,75.04,2024-07-16,Supplier Questionnaire
S0913,85.4,47.54,,2025-05-03,Internal Assessment
S0914,70.14,56.38,38.91,2024-02-05,Third-party Rating
S0915,80.56,,61.38,2024-10-07,Supplier Questionnaire
S0916,58.71,64.23,67.58,2024-07-17,Supplier Questionnaire
S0917,68.69,61.88,74.35,2025-01-24,Third-party Rating
S0918,64.71,28.49,61.07,2025-08-12,Supplier Questionnaire
S0919,50.74,57.75,64.96,2025-11-14,Supplier Questionnaire
S0920,55.21,71.12,63.45,2025-07-11,Supplier Questionnaire
S0921,75.91,64.92,65.37,2025-01-01,Supplier Questionnaire
S0922,55.01,58.11,63.01,2024-10-23,Internal Assessment
S0923,96.0,58.12,66.14,2025-08-12,Third-party Rating
S0924,73.16,71.38,88.51,2025-05-25,Third-party Rating
S0925,63.44,,73.77,2025-04-11,Supplier Questionnaire
S0926,83.68,67.12,63.58,2025-03-04,Supplier Questionnaire
S0927,67.98,54.89,78.76,2024-12-27,Third-party Rating
S0928,78.54,64.4,,2024-10-26,Supplier Questionnaire
S0929,74.19,67.09,54.31,2024-06-23,Third-party Rating
S0930,57.61,40.68,59.47,2024-08-22,Supplier Questionnaire
S0931,58.88,50.14,49.36,2024-09-10,Third-party Rating
S0932,96.23,77.53,79.6,2025-07-06,Supplier Questionnaire
S0933,84.91,59.18,79.83,2024-06-28,Internal Assessment
S0934,69.52,,,2024-07-03,Supplier Questionnaire
S0935,81.91,96.05,61.2,2025-09-23,Supplier Questionnaire
S0936,81.99,,66.16,2024-01-12,Third-party Rating
S0937,48.3,39.85,51.02,2025-07-30,Third-party Rating
S0938,66.79,70.13,57.28,2025-08-09,Third-party Rating
S0939,84.19,70.99,54.05,2025-08-13,Third-party Rating
S0940,76.63,66.18,50.48,2025-06-28,Third-party Rating
S0941,49.04,50.98,72.9,2025-11-09,Third-party Rating
S0942,67.31,89.16,77.06,2025-10-21,Supplier Questionnaire
S0943,60.91,55.25,71.72,2025-09-17,Supplier Questionnaire
S0944,77.54,58.14,71.47,2024-11-15,Third-party Rating
S0945,61.41,53.26,67.55,2025-03-11,Internal Assessment
S0946,,67.88,66.09,2024-03-06,Third-party Rating
S0947,59.9,68.35,76.26,2024-04-27,Supplier Questionnaire
S0948,80.4,78.85,72.84,2024-01-03,Supplier Questionnaire
S0949,,,62.79,2025-05-10,Supplier Questionnaire
S0950,71.91,48.69,66.72,2025-02-11,Third-party Rating
S0951,63.61,57.94,66.31,2025-12-30,Supplier Questionnaire
S0952,84.93,58.93,61.21,2024-04-26,Internal Assessment
S0953,60.87,52.38,65.88,2024-03-23,Supplier Questionnaire
S0954,74.71,69.04,72.23,2024-04-30,Third-party Rating
S0955,51.98,58.26,67.03,2025-12-23,Supplier Questionnaire
S0956,92.75,70.1,,2024-12-17,Supplier Questionnaire
S0957,43.01,59.41,71.52,2025-11-16,Third-party Rating
S0958,72.75,69.9,73.2,2025-02-05,Internal Assessment
S0959,66.6,78.74,58.31,2024-12-07,Third-party Rating
S0960,65.95,63.46,73.37,2025-01-19,Supplier Questionnaire
S0961,62.1,42.03,,2025-06-23,Supplier Questionnaire
S0962,69.96,,62.67,2024-08-19,Internal Assessment
S0963,64.04,70.19,79.88,2024-12-18,Internal Assessment
S0964,76.4,70.35,72.17,2025-12-06,Supplier Questionnaire
S0965,75.09,58.31,64.72,2025-05-08,Internal Assessment
S0966,,79.24,76.64,2024-03-05,Supplier Questionnaire
S0967,,65.28,78.16,2024-04-26,Third-party Rating
S0968,57.87,62.74,46.3,2024-11-23,Third-party Rating
S0969,68.01,72.94,78.93,2024-01-15,Supplier Questionnaire
S0970,64.49,72.11,52.71,2024-07-19,Internal Assessment
S0971,74.4,76.8,,2024-10-13,Third-party Rating
S0972,66.11,62.67,52.72,2025-11-30,Supplier Questionnaire
S0973,60.48,65.08,58.22,2025-09-16,Supplier Questionnaire
S0974,80.5,48.99,,2024-05-19,Internal Assessment
S0975,61.36,75.51,63.62,2024-08-22,Third-party Rating
S0976,81.45,79.2,,2025-11-11,Internal Assessment
S0977,63.3,50.85,,2024-12-02,Internal Assessment
S0978,52.1,,41.34,2025-10-16,Supplier Questionnaire
S0979,62.29,,64.83,2024-01-28,Supplier Questionnaire
S0980,56.83,43.23,71.14,2024-02-08,Internal Assessment
S0981,78.88,60.64,72.49,2024-10-30,Supplier Questionnaire
S0982,71.84,47.63,52.41,2024-05-06,Internal Assessment
S0983,73.56,,50.85,2025-11-13,Supplier Questionnaire
S0984,90.68,90.99,72.26,2024-01-29,Supplier Questionnaire
S0985,,,72.78,2024-08-22,Third-party Rating
S0986,88.99,69.15,68.25,2024-04-03,Third-party Rating
S0987,62.63,66.92,75.81,2024-12-29,Supplier Questionnaire
S0988,61.52,76.49,,2025-09-25,Internal Assessment
S0989,70.73,73.5,84.64,2024-04-09,Supplier Questionnaire
S0990,72.82,69.96,,2024-01-15,Supplier Questionnaire
S0991,73.3,90.64,74.35,2025-08-21,Third-party Rating
S0992,65.8,69.44,,2025-05-09,Supplier Questionnaire
S0993,73.83,69.44,54.54,2025-11-27,Third-party Rating
S0994,82.45,54.51,80.71,2024-04-02,Third-party Rating
S0995,70.89,83.26,72.59,2024-05-25,Supplier Questionnaire
S0996,89.83,57.49,73.3,2024-10-28,Third-party Rating
S0997,53.06,90.19,82.33,2025-07-17,Internal Assessment
S0998,73.33,74.82,65.56,2025-09-01,Supplier Questionnaire
S0999,68.16,81.1,60.54,2024-04-24,Third-party Rating
S1000,40.68,48.56,53.94,2024-03-01,Internal Assessment
